{"mean":{"confidence_interval":{"confidence_level":0.95,"lower_bound":0.009343223623628728,"upper_bound":0.018476218607342887},"point_estimate":0.012995974219697448,"standard_error":0.002288957763384393},"median":{"confidence_interval":{"confidence_level":0.95,"lower_bound":0.008556643331691927,"upper_bound":0.012891841205060706},"point_estimate":0.010165545135419451,"standard_error":0.0011792370119492442}}